,Sector,Column sum,Value added per $1,Strictly < 1?
AGR,Agriculture & Forestry,0.6400000000000001,0.3599999999999999,yes
MIN,Mining & Extraction,0.6400000000000001,0.3599999999999999,yes
UTL,"Utilities (Electric, Gas, Water)",0.55,0.44999999999999996,yes
CON,Construction,0.72,0.28,yes
MAN,Manufacturing,1.01,-0.010000000000000009,NO
TRA,Transportation & Warehousing,0.56,0.43999999999999995,yes
INF,Information & Telecommunications,0.6100000000000001,0.3899999999999999,yes
FIN,"Finance, Insurance, & Real Estate",0.56,0.43999999999999995,yes
PRO,Professional & Business Services,0.7,0.30000000000000004,yes
GOV,Government & Public Infrastructure,0.6900000000000001,0.30999999999999994,yes
