,AGR,MIN,UTL,CON,MAN,TRA,INF,FIN,PRO,GOV
AGR,1.261268563601552,0.12391761285787338,0.07851913219823058,0.20453469491178858,0.36198039443852936,0.11734182901089782,0.0869631938664057,0.0824567661821889,0.12329677081376601,0.17130644991957492
MIN,0.2027664520145049,1.2549053987713967,0.2850665593959009,0.2867032271952324,0.47635276078947525,0.1960419566593474,0.13227973601617413,0.09879722276870068,0.15046090364615772,0.1922740763553902
UTL,0.21329336590268486,0.2356253093659243,1.2202964237269203,0.19040915263512653,0.33426770855265114,0.20347039367565567,0.15100543810759356,0.12246231306659316,0.14548198259232992,0.22099919238277774
CON,0.12993915814263096,0.15855217696218873,0.12024033582476741,1.1670293577823416,0.224504165907314,0.13437077913902076,0.1457360595866254,0.1911855851528933,0.2725382765685902,0.2781701711193209
MAN,0.4615421659536988,0.391218210892477,0.24330077727207677,0.541675044149963,1.541620534791005,0.3257221633003773,0.27475581160497187,0.19673442095112256,0.29694114994540655,0.3694414453997005
TRA,0.21633381750876693,0.22892227070885826,0.16664966355093644,0.21277898725202912,0.2863268612235869,1.1790694053362176,0.13038195391806412,0.09514790879006506,0.15701052179607933,0.18234715311518404
INF,0.12775347674862025,0.13836410184307524,0.11474750759502798,0.1560330857984172,0.21398439561127366,0.14725454409219202,1.2654402330980619,0.22769084509747026,0.30176626109628224,0.19566008697829665
FIN,0.19133710038071888,0.2006310513871452,0.14920116732638233,0.26468118523231315,0.28761853061403725,0.18355101087502254,0.26497148979716145,1.301979789723771,0.3046391146719144,0.21192992404112407
PRO,0.23374718259286467,0.24108103214046367,0.18751434174755943,0.3187554715826244,0.3539504234448389,0.22133258574730155,0.37338505770945984,0.29616949365705036,1.3220219918666134,0.3251812670554522
GOV,0.14798265329166668,0.13490363895202817,0.15729444522075936,0.1598604477058999,0.18761167881511082,0.12216623363114065,0.11473818087053957,0.11512722075224958,0.14586374082153641,1.122981975878719
