,Sector,Final demand d ($B),Production x ($B),Production x ($ millions),x / d
AGR,Agriculture & Forestry,45.0,263.65949317664126,263659,5.859099848369806
MIN,Mining & Extraction,20.0,311.8398775165459,311840,15.591993875827296
UTL,"Utilities (Electric, Gas, Water)",60.0,307.98108654241014,307981,5.133018109040169
CON,Construction,110.0,344.83961994180504,344840,3.1349056358345915
MAN,Manufacturing,280.0,718.1989710195609,718199,2.56499632506986
TRA,Transportation & Warehousing,75.0,295.5602797210307,295560,3.940803729613743
INF,Information & Telecommunications,90.0,326.01607730420426,326016,3.622400858935603
FIN,"Finance, Insurance, & Real Estate",150.0,441.88417912263117,441884,2.945894527484208
PRO,Professional & Business Services,130.0,485.78583498908307,485786,3.736814115300639
GOV,Government & Public Infrastructure,180.0,346.7679070847819,346768,1.9264883726932327
