,Own demand changed?,x ($B),x_new ($B),Δx ($B),Δx (%)
AGR,no,263.65949317664126,263.06560009224137,-0.5938930843998946,-0.22525002883245707
MIN,yes,311.8398775165459,293.58336696661956,-18.25651054992636,-5.85445026958032
UTL,yes,307.98108654241014,332.5556945245378,24.574607982127645,7.979258810343742
CON,no,344.83961994180504,344.55434446235563,-0.28527547944941034,-0.082727002047373
MAN,no,718.1989710195609,716.2138254562411,-1.9851455633197475,-0.2764060717744582
TRA,no,295.5602797210307,294.98142623207605,-0.5788534889546781,-0.19584955376989027
INF,no,326.01607730420426,326.00273544962334,-0.013341854580914969,-0.004092391605726162
FIN,no,441.88417912263117,441.4523861107214,-0.43179301190974684,-0.09771633208662946
PRO,no,485.78583498908307,485.46455854821517,-0.32127644086790497,-0.06613540736014357
GOV,no,346.7679070847819,347.8449009910395,1.0769939062575986,0.31058061725253094
