,AGR,MIN,UTL,CON,MAN,TRA,INF,FIN,PRO,GOV,d
AGR,0.12,0.01,0.0,0.05,0.18,0.02,0.0,0.01,0.02,0.05,45.0
MIN,0.02,0.08,0.15,0.08,0.22,0.05,0.01,0.0,0.01,0.02,20.0
UTL,0.06,0.09,0.1,0.02,0.11,0.08,0.04,0.03,0.02,0.08,60.0
CON,0.01,0.04,0.02,0.02,0.05,0.03,0.02,0.08,0.14,0.15,110.0
MAN,0.2,0.15,0.05,0.25,0.15,0.12,0.08,0.02,0.05,0.1,280.0
TRA,0.08,0.1,0.06,0.06,0.08,0.07,0.03,0.01,0.04,0.05,75.0
INF,0.01,0.02,0.02,0.01,0.04,0.04,0.12,0.1,0.15,0.06,90.0
FIN,0.04,0.05,0.03,0.08,0.06,0.05,0.1,0.15,0.12,0.04,150.0
PRO,0.05,0.06,0.04,0.1,0.08,0.06,0.18,0.12,0.1,0.12,130.0
GOV,0.05,0.04,0.08,0.05,0.04,0.04,0.03,0.04,0.05,0.02,180.0
